ID,Age,Gender,Department,JoiningYear,PerformanceScore,ExperienceYears,Location,Session,Salary
1,48,Female,HR,2015,2,16,New York,Night,5641
2,25,Male,Sales,2020,2,11,Los Angeles,Evening,4249
3,57,Male,Sales,2019,5,1,New York,Morning,3058
4,58,Female,IT,2017,2,13,Los Angeles,Evening,5895
5,35,Male,IT,2020,5,16,New York,Evening,4317
6,29,Female,HR,2016,1,6,Chicago,Evening,2591
7,39,Female,Sales,2023,4,4,New York,Night,6826
8,52,Male,HR,2015,2,8,Chicago,Evening,6285
9,63,Female,Sales,2024,2,3,New York,Night,9862
10,30,Male,IT,2018,1,9,Los Angeles,Morning,8202
11,42,Female,Sales,2015,3,7,Los Angeles,Evening,5336
12,60,Male,HR,2015,4,19,Chicago,Night,6908
13,61,Male,IT,2020,4,4,Chicago,Night,5688
14,34,Male,IT,2019,1,2,Los Angeles,Night,5593
15,31,Female,Sales,2020,4,20,Los Angeles,Evening,8568
16,62,Male,HR,2017,3,2,Chicago,Morning,5386
17,59,Male,HR,2019,3,7,Los Angeles,Evening,6586
18,31,Female,HR,2018,4,6,New York,Morning,3519
19,38,Male,HR,2017,5,16,Chicago,Night,9061
20,57,Female,HR,2023,3,10,Los Angeles,Evening,7251
21,35,Female,Sales,2018,3,9,Chicago,Night,4565
22,61,Female,HR,2020,2,9,Chicago,Night,4071
23,35,Female,Sales,2015,4,4,New York,Night,9598
24,31,Female,HR,2021,5,3,Los Angeles,Evening,5386
25,21,Male,HR,2022,4,12,New York,Morning,9275
26,30,Male,HR,2020,5,7,New York,Evening,6120
27,20,Female,IT,2024,5,8,Chicago,Night,4899
28,55,Female,HR,2018,4,18,Los Angeles,Morning,4608
29,65,Female,IT,2019,3,12,Chicago,Morning,9190
30,22,Male,Sales,2016,2,17,Chicago,Night,9661
31,21,Male,IT,2020,1,7,New York,Night,4780
32,63,Male,Sales,2021,3,20,Los Angeles,Morning,4270
33,65,Male,Sales,2024,4,10,Chicago,Evening,6547
34,42,Female,IT,2017,1,4,Los Angeles,Night,5207
35,51,Female,IT,2017,4,17,Los Angeles,Night,9259
36,35,Male,IT,2019,1,7,Los Angeles,Evening,9078
37,39,Male,Sales,2018,1,15,Los Angeles,Evening,2364
38,18,Female,HR,2021,1,17,Chicago,Night,2904
39,33,Male,Sales,2016,5,9,Los Angeles,Evening,8678
40,36,Male,HR,2024,4,17,Los Angeles,Evening,8870
41,20,Female,Sales,2024,5,20,Los Angeles,Evening,6621
42,58,Male,IT,2024,4,8,Los Angeles,Morning,9512
43,27,Female,Sales,2021,1,2,Los Angeles,Evening,6655
44,64,Female,IT,2014,3,6,New York,Night,2427
45,20,Male,IT,2017,3,13,New York,Morning,4184
46,27,Male,HR,2020,1,11,New York,Night,4356
47,47,Female,HR,2019,3,8,New York,Morning,7966
48,48,Male,IT,2017,3,2,Los Angeles,Night,5848
49,46,Male,Sales,2023,4,9,New York,Morning,2773
50,23,Male,HR,2023,4,14,Los Angeles,Night,6253
51,27,Male,Sales,2015,1,12,Chicago,Morning,3253
52,62,Male,HR,2023,1,11,Chicago,Evening,6149
53,42,Male,Sales,2022,2,19,Los Angeles,Morning,6567
54,62,Male,Sales,2019,5,7,Chicago,Night,5721
55,63,Male,HR,2023,4,16,Los Angeles,Night,4533
56,40,Female,IT,2020,1,12,Chicago,Night,8745
57,38,Male,IT,2024,5,12,Los Angeles,Night,4954
58,58,Female,Sales,2021,1,7,New York,Night,3635
59,57,Male,Sales,2018,5,19,Los Angeles,Night,4651
60,19,Female,Sales,2021,5,9,Los Angeles,Evening,5937
61,51,Male,Sales,2020,4,6,New York,Evening,8544
62,33,Male,Sales,2023,2,11,Chicago,Morning,2851
63,57,Female,IT,2023,2,6,Los Angeles,Night,3933
64,39,Female,IT,2023,2,1,Los Angeles,Evening,2585
65,20,Male,Sales,2019,4,4,Los Angeles,Morning,3718
66,44,Male,IT,2021,3,5,Chicago,Night,2436
67,25,Female,HR,2021,2,4,Los Angeles,Night,7637
68,27,Male,HR,2024,2,3,Chicago,Evening,6921
69,29,Male,HR,2017,5,17,Chicago,Night,7554
70,64,Female,IT,2020,1,14,Los Angeles,Morning,2442
71,40,Male,Sales,2018,1,15,Chicago,Evening,2466
72,45,Female,Sales,2019,4,12,Chicago,Evening,3897
73,52,Male,HR,2016,3,14,Chicago,Morning,8386
74,60,Male,IT,2018,3,3,Los Angeles,Night,3767
75,18,Female,Sales,2023,1,13,Chicago,Evening,8622
76,31,Female,IT,2023,4,11,New York,Morning,8032
77,47,Female,Sales,2015,1,5,New York,Night,2025
78,19,Female,HR,2016,3,15,Chicago,Night,4698
79,56,Male,HR,2016,3,11,Chicago,Evening,5457
80,39,Female,IT,2019,3,7,New York,Evening,5562
81,28,Female,HR,2021,5,11,Los Angeles,Morning,2077
82,62,Male,HR,2020,2,7,Los Angeles,Night,4292
83,49,Male,Sales,2020,1,3,Chicago,Evening,3111
84,18,Female,IT,2017,3,8,Los Angeles,Evening,5470
85,39,Female,Sales,2020,4,4,Chicago,Evening,3115
86,29,Female,IT,2017,2,7,Los Angeles,Evening,9901
87,34,Male,IT,2015,3,9,Chicago,Morning,8629
88,28,Female,Sales,2023,4,4,Los Angeles,Evening,6839
89,41,Female,HR,2024,1,10,Chicago,Night,6828
90,60,Female,Sales,2020,2,10,Los Angeles,Evening,8710
91,31,Male,HR,2023,1,3,New York,Morning,3488
92,58,Female,IT,2023,4,7,Chicago,Night,5271
93,38,Male,Sales,2021,1,4,Chicago,Morning,4897
94,21,Female,IT,2023,4,4,Los Angeles,Night,2860
95,62,Female,Sales,2018,3,20,New York,Night,3482
96,45,Male,HR,2024,1,8,Chicago,Evening,3427
97,22,Male,Sales,2017,5,14,Los Angeles,Morning,5432
98,33,Female,HR,2015,1,20,Los Angeles,Night,2378
99,20,Female,IT,2018,5,2,Los Angeles,Night,6768
100,33,Female,Sales,2017,1,9,Chicago,Morning,8076
101,26,Female,IT,2021,2,3,New York,Morning,9538
102,27,Female,HR,2020,2,3,New York,Night,2912
103,34,Male,IT,2019,2,8,Los Angeles,Night,6742
104,32,Female,HR,2023,5,7,Chicago,Evening,6458
105,31,Female,HR,2021,5,6,Chicago,Night,2752
106,25,Male,HR,2015,5,13,Chicago,Evening,7371
107,21,Female,Sales,2017,1,11,Los Angeles,Evening,5133
108,24,Female,IT,2019,5,16,Chicago,Morning,2578
109,51,Male,HR,2019,4,15,Los Angeles,Night,7457
110,58,Female,Sales,2017,1,20,New York,Morning,7263
111,65,Female,HR,2016,2,17,New York,Morning,2166
112,31,Female,Sales,2021,3,18,Los Angeles,Night,2303
113,34,Male,IT,2016,3,13,New York,Evening,9812
114,65,Male,Sales,2021,2,11,Los Angeles,Evening,4940
115,40,Female,IT,2021,5,19,Chicago,Morning,3935
116,19,Male,HR,2017,5,6,Chicago,Evening,3233
117,45,Male,HR,2016,4,10,Los Angeles,Night,4012
118,32,Male,IT,2021,2,8,New York,Morning,8619
119,48,Female,IT,2022,1,12,Los Angeles,Morning,2898
120,22,Male,HR,2024,5,1,New York,Morning,7187
121,39,Female,HR,2024,3,15,New York,Morning,9941
122,25,Male,IT,2020,5,1,Chicago,Night,5121
123,46,Male,IT,2017,5,13,Los Angeles,Morning,7991
124,24,Female,Sales,2018,2,1,New York,Evening,5287
125,23,Male,Sales,2022,2,8,Chicago,Evening,3754
126,38,Male,IT,2016,3,14,New York,Morning,2358
127,65,Female,Sales,2015,3,15,Los Angeles,Night,8122
128,65,Female,HR,2020,5,19,New York,Morning,9973
129,28,Male,IT,2019,1,6,Los Angeles,Morning,2488
130,64,Female,IT,2019,2,18,New York,Evening,7378
131,64,Male,IT,2021,2,8,Los Angeles,Evening,7647
132,38,Female,HR,2020,4,9,Chicago,Evening,2052
133,64,Female,Sales,2021,4,19,New York,Evening,5723
134,30,Male,Sales,2022,1,13,Chicago,Evening,3856
135,33,Male,Sales,2023,5,18,Chicago,Morning,3843
136,49,Male,Sales,2023,2,6,Los Angeles,Morning,3128
137,56,Female,Sales,2017,3,9,Chicago,Morning,8154
138,34,Female,Sales,2020,4,7,Chicago,Morning,4286
139,46,Male,Sales,2021,3,11,Chicago,Morning,3829
140,27,Male,IT,2020,3,18,Chicago,Morning,8855
141,18,Male,IT,2020,2,19,Chicago,Night,8733
142,38,Male,Sales,2024,4,14,Chicago,Evening,5883
143,42,Female,Sales,2020,5,20,Los Angeles,Morning,3591
144,46,Male,IT,2024,3,2,New York,Evening,6368
145,25,Female,HR,2019,1,19,New York,Morning,3003
146,20,Male,IT,2017,2,8,Chicago,Morning,4757
147,22,Female,IT,2018,4,4,New York,Evening,8152
148,37,Female,Sales,2023,2,10,Chicago,Morning,6429
149,57,Male,IT,2023,5,19,New York,Evening,3757
150,28,Female,Sales,2020,1,15,New York,Evening,8198
151,54,Female,Sales,2017,5,5,Chicago,Morning,2364
152,58,Male,Sales,2018,4,16,New York,Evening,2621
153,31,Male,IT,2017,2,1,Chicago,Night,4451
154,29,Male,HR,2023,4,17,New York,Morning,4056
155,63,Female,IT,2018,5,5,New York,Night,5746
156,56,Female,IT,2016,5,11,New York,Morning,5982
157,43,Female,HR,2021,1,16,New York,Night,4710
158,19,Female,HR,2015,3,14,Chicago,Night,4527
159,34,Male,HR,2019,2,2,Chicago,Evening,9719
160,26,Male,HR,2018,4,15,New York,Night,6157
161,31,Female,IT,2024,4,11,New York,Evening,8428
162,36,Male,IT,2015,2,15,Los Angeles,Night,3284
163,32,Male,IT,2017,3,17,Los Angeles,Morning,8958
164,25,Male,HR,2016,1,11,Chicago,Night,9021
165,57,Male,Sales,2017,5,13,New York,Morning,3479
166,49,Female,HR,2024,1,19,New York,Evening,6194
167,28,Female,IT,2018,5,3,Chicago,Night,3862
168,56,Male,IT,2023,4,4,New York,Morning,6006
169,22,Female,Sales,2022,2,4,Chicago,Evening,2523
170,24,Male,Sales,2024,2,4,New York,Night,6041
171,48,Female,Sales,2020,2,6,New York,Evening,2913
172,64,Female,HR,2023,5,11,Los Angeles,Evening,6767
173,19,Male,Sales,2022,5,12,Los Angeles,Morning,6735
174,21,Male,IT,2015,3,20,Chicago,Morning,4043
175,46,Female,Sales,2015,5,10,Los Angeles,Night,8354
176,32,Female,Sales,2019,2,15,Los Angeles,Evening,5224
177,37,Female,Sales,2021,3,9,Los Angeles,Night,6706
178,52,Female,Sales,2016,5,17,Chicago,Evening,8899
179,36,Male,IT,2016,2,2,New York,Evening,7885
180,34,Male,IT,2021,1,16,Los Angeles,Night,3671
181,33,Male,HR,2015,4,16,New York,Night,6833
182,58,Male,IT,2020,4,13,Los Angeles,Night,5025
183,45,Male,IT,2024,3,12,New York,Evening,3979
184,22,Male,Sales,2023,4,17,New York,Evening,8840
185,19,Male,Sales,2016,4,1,Los Angeles,Evening,8470
186,51,Male,Sales,2014,1,11,Los Angeles,Night,7894
187,48,Female,HR,2023,4,11,New York,Evening,3064
188,39,Male,HR,2023,4,17,New York,Night,2149
189,50,Male,IT,2021,2,4,New York,Evening,3737
190,21,Female,HR,2021,2,20,Los Angeles,Night,7708
191,25,Female,IT,2019,3,15,New York,Evening,9374
192,29,Male,IT,2018,4,2,New York,Night,3049
193,29,Male,HR,2021,2,1,Chicago,Night,2776
194,54,Male,IT,2019,4,6,Chicago,Morning,4678
195,34,Male,HR,2022,4,2,Los Angeles,Evening,3397
196,20,Male,Sales,2020,1,1,New York,Evening,3386
197,22,Male,HR,2022,5,2,Los Angeles,Night,6539
198,23,Female,HR,2021,3,9,New York,Evening,3175
199,51,Male,HR,2023,1,2,Chicago,Evening,7908
200,23,Male,Sales,2018,1,5,Chicago,Morning,8119
201,48,Female,HR,2019,5,19,Chicago,Morning,9930
202,23,Female,HR,2018,1,1,Los Angeles,Morning,3514
203,59,Female,IT,2021,5,6,New York,Morning,6267
204,28,Male,HR,2022,5,8,Los Angeles,Morning,8416
205,29,Male,Sales,2018,2,10,New York,Morning,5703
206,55,Female,IT,2019,4,8,Los Angeles,Evening,2127
207,43,Male,IT,2017,4,11,Los Angeles,Night,8563
208,24,Female,IT,2021,3,5,Los Angeles,Night,7539
209,58,Male,Sales,2024,3,8,New York,Morning,2223
210,44,Female,HR,2022,5,10,Chicago,Morning,3517
211,42,Male,HR,2016,2,12,New York,Night,4603
212,62,Male,HR,2022,1,3,New York,Morning,4751
213,54,Female,IT,2021,3,5,New York,Morning,6942
214,32,Female,Sales,2015,5,3,Chicago,Morning,2489
215,65,Female,IT,2016,3,8,Chicago,Morning,4538
216,50,Female,Sales,2019,1,3,Los Angeles,Morning,9377
217,35,Female,Sales,2024,3,3,New York,Evening,8129
218,25,Male,IT,2017,1,3,Los Angeles,Night,7335
219,38,Female,Sales,2016,3,3,New York,Evening,3663
220,20,Female,IT,2018,2,12,Los Angeles,Morning,4328
221,48,Female,HR,2023,2,8,Los Angeles,Morning,7067
222,20,Female,Sales,2017,3,6,New York,Evening,6389
223,62,Female,IT,2020,4,18,New York,Morning,7732
224,59,Male,IT,2018,4,8,Los Angeles,Morning,3379
225,27,Male,IT,2023,5,9,Los Angeles,Night,3660
226,51,Male,IT,2017,4,15,Los Angeles,Night,9160
227,49,Female,HR,2019,5,2,Los Angeles,Morning,8733
228,45,Female,IT,2019,2,18,Chicago,Morning,8587
229,51,Female,Sales,2020,5,1,Chicago,Night,9139
230,39,Male,IT,2016,4,1,Chicago,Morning,7250
231,41,Male,HR,2015,4,7,Los Angeles,Morning,4782
232,26,Female,Sales,2016,1,14,New York,Evening,6975
233,50,Male,IT,2024,1,18,Chicago,Morning,8718
234,40,Male,Sales,2022,3,7,Chicago,Night,7461
235,33,Male,Sales,2017,3,7,Los Angeles,Night,7974
236,42,Male,IT,2022,1,9,New York,Night,4401
237,46,Male,Sales,2019,5,3,New York,Night,8607
238,49,Male,HR,2023,5,10,Chicago,Morning,3659
239,65,Male,Sales,2015,4,12,Chicago,Evening,6332
240,37,Male,Sales,2018,3,3,Chicago,Morning,9356
241,33,Male,IT,2023,1,11,Chicago,Evening,2996
242,54,Male,HR,2021,1,8,Chicago,Night,9516
243,35,Male,IT,2020,1,11,Los Angeles,Morning,2847
244,26,Male,HR,2016,5,14,Los Angeles,Night,8181
245,55,Male,IT,2024,4,10,New York,Morning,7725
246,60,Male,Sales,2019,5,7,Chicago,Evening,7911
247,50,Female,Sales,2021,2,15,New York,Evening,2550
248,22,Male,IT,2024,3,8,Chicago,Night,2649
249,65,Female,IT,2018,1,2,New York,Morning,8882
250,25,Female,HR,2015,4,14,Chicago,Morning,2994
251,38,Male,Sales,2019,4,20,Chicago,Night,9924
252,50,Male,IT,2015,1,16,Los Angeles,Morning,3091
253,61,Male,IT,2018,1,4,New York,Morning,3063
254,44,Female,HR,2018,1,9,Chicago,Evening,5443
255,45,Male,HR,2020,4,4,Los Angeles,Morning,9207
256,49,Male,HR,2017,1,5,New York,Night,3081
257,19,Female,IT,2022,3,7,Los Angeles,Night,4084
258,18,Male,Sales,2021,2,4,New York,Evening,4520
259,40,Female,HR,2022,4,6,New York,Morning,4123
260,35,Male,IT,2019,1,19,Los Angeles,Night,9624
261,52,Female,IT,2022,3,4,New York,Night,4322
262,18,Male,IT,2015,4,12,Los Angeles,Morning,7774
263,58,Male,IT,2022,4,16,Los Angeles,Evening,3439
264,40,Male,Sales,2023,1,14,Los Angeles,Morning,9455
265,31,Male,IT,2018,1,19,Los Angeles,Night,7692
266,65,Male,Sales,2024,2,15,New York,Evening,8334
267,50,Male,IT,2016,2,4,New York,Morning,5970
268,19,Male,HR,2020,4,14,Chicago,Night,3504
269,30,Female,HR,2018,3,14,Chicago,Night,4107
270,31,Male,Sales,2023,5,8,Los Angeles,Morning,5819
271,30,Female,IT,2024,2,6,New York,Evening,5472
272,65,Male,Sales,2021,2,17,Chicago,Morning,2417
273,25,Female,IT,2016,2,3,Chicago,Night,8613
274,30,Male,HR,2018,4,6,New York,Morning,4347
275,48,Female,Sales,2019,1,9,Los Angeles,Night,7287
276,22,Male,Sales,2019,2,5,Los Angeles,Morning,9749
277,45,Female,IT,2022,4,2,Los Angeles,Morning,4514
278,22,Male,Sales,2024,2,8,Chicago,Morning,4226
279,49,Male,IT,2016,4,14,Chicago,Evening,7561
280,39,Female,IT,2015,5,16,Los Angeles,Morning,5956
281,49,Male,IT,2022,4,16,Chicago,Morning,2175
282,42,Male,Sales,2019,3,13,Chicago,Morning,5756
283,45,Male,Sales,2017,3,5,Chicago,Evening,4104
284,18,Male,Sales,2016,2,12,Los Angeles,Morning,2364
285,63,Male,HR,2021,5,10,Los Angeles,Morning,8704
286,29,Female,Sales,2015,1,8,Los Angeles,Morning,2993
287,20,Female,IT,2015,5,20,New York,Night,4409
288,60,Male,HR,2017,4,20,New York,Night,3162
289,54,Male,Sales,2020,5,9,Chicago,Night,5523
290,30,Female,IT,2018,3,2,New York,Morning,9921
291,25,Male,IT,2015,3,19,Los Angeles,Morning,7864
292,47,Male,IT,2022,2,6,Chicago,Night,8158
293,29,Male,HR,2016,4,18,New York,Evening,5883
294,41,Male,IT,2017,2,16,New York,Night,3174
295,24,Female,Sales,2020,2,10,New York,Night,7332
296,21,Female,HR,2015,2,13,Los Angeles,Night,4009
297,20,Male,IT,2021,3,5,New York,Night,8316
298,55,Female,Sales,2020,3,4,Chicago,Night,2414
299,45,Male,Sales,2015,2,17,New York,Evening,2330
300,38,Female,Sales,2022,1,2,New York,Morning,9375
301,31,Female,HR,2021,2,18,Chicago,Evening,7039
302,26,Female,Sales,2023,2,15,New York,Evening,8385
303,31,Male,IT,2018,1,9,Los Angeles,Morning,3002
304,27,Female,HR,2019,4,18,Los Angeles,Evening,6648
305,55,Male,Sales,2017,3,11,New York,Night,7545
306,36,Male,Sales,2024,2,7,New York,Morning,7992
307,57,Male,HR,2022,3,5,Los Angeles,Morning,9161
308,63,Male,Sales,2015,1,6,Los Angeles,Morning,4979
309,49,Male,HR,2023,2,3,Chicago,Night,7149
310,33,Female,Sales,2017,4,7,Chicago,Morning,3636
311,51,Female,Sales,2020,4,20,Los Angeles,Night,4572
312,58,Male,IT,2023,1,16,New York,Night,3700
313,26,Female,Sales,2015,1,18,Los Angeles,Night,3495
314,33,Male,Sales,2020,5,6,Los Angeles,Night,4391
315,45,Female,IT,2016,3,2,New York,Evening,3700
316,46,Male,IT,2022,5,4,Los Angeles,Night,8499
317,43,Male,IT,2023,2,1,Chicago,Evening,7956
318,63,Male,Sales,2021,4,7,Los Angeles,Night,6741
319,61,Female,Sales,2024,2,11,Los Angeles,Night,7087
320,58,Female,IT,2024,1,1,Los Angeles,Morning,6233
321,22,Female,HR,2019,2,6,Chicago,Night,7299
322,39,Male,Sales,2018,1,7,New York,Morning,7014
323,53,Male,Sales,2021,5,16,Los Angeles,Morning,7727
324,46,Male,HR,2024,5,15,New York,Evening,8306
325,61,Female,HR,2023,1,5,Chicago,Morning,3002
326,26,Female,IT,2021,2,16,Los Angeles,Morning,2156
327,27,Female,IT,2016,5,19,New York,Evening,5280
328,22,Female,HR,2021,3,1,Los Angeles,Night,7928
329,41,Female,IT,2017,1,11,Chicago,Morning,6164
330,32,Male,IT,2021,4,9,New York,Morning,5502
331,39,Male,HR,2015,4,20,New York,Evening,6830
332,52,Male,Sales,2020,2,8,Chicago,Evening,5380
333,38,Female,Sales,2016,4,5,New York,Night,6259
334,25,Female,IT,2020,3,14,Los Angeles,Morning,8301
335,56,Male,HR,2018,2,11,Los Angeles,Night,6496
336,35,Female,HR,2016,2,16,New York,Night,3656
337,58,Male,IT,2015,5,18,New York,Night,4908
338,60,Male,HR,2024,2,15,Chicago,Night,9385
339,32,Female,IT,2017,3,8,Los Angeles,Night,4750
340,47,Male,IT,2024,5,7,Chicago,Morning,4528
341,25,Male,IT,2018,2,12,New York,Night,8628
342,38,Male,HR,2023,3,7,Chicago,Morning,8438
343,45,Male,HR,2019,3,15,New York,Night,3491
344,52,Male,IT,2023,5,7,New York,Evening,8000
345,25,Female,IT,2023,2,19,Chicago,Morning,3256
346,56,Female,HR,2017,5,8,Chicago,Morning,2254
347,62,Female,HR,2019,2,8,Los Angeles,Night,7803
348,59,Male,IT,2016,2,14,Los Angeles,Evening,2593
349,42,Female,IT,2015,2,18,Chicago,Evening,2614
350,44,Male,IT,2019,5,13,Chicago,Evening,7895
351,46,Male,HR,2023,1,6,Los Angeles,Morning,8006
352,19,Female,IT,2019,5,3,Los Angeles,Morning,7335
353,39,Female,Sales,2017,3,15,Los Angeles,Night,3353
354,30,Male,Sales,2021,4,14,New York,Morning,7252
355,45,Female,HR,2016,3,12,Los Angeles,Night,4213
356,41,Male,IT,2024,1,20,Chicago,Morning,2392
357,55,Male,Sales,2015,2,19,Los Angeles,Evening,8344
358,61,Male,Sales,2018,3,15,Los Angeles,Evening,2928
359,31,Female,IT,2019,1,5,Los Angeles,Morning,3830
360,63,Female,HR,2018,2,18,Los Angeles,Morning,6886
361,20,Male,IT,2022,1,8,New York,Evening,4275
362,51,Male,Sales,2020,3,5,Chicago,Night,4503
363,29,Female,IT,2018,1,1,New York,Night,7903
364,49,Female,HR,2023,2,15,Los Angeles,Night,6590
365,41,Female,Sales,2016,5,2,Chicago,Morning,5988
366,52,Male,Sales,2022,4,9,Los Angeles,Morning,3504
367,50,Female,Sales,2024,5,1,New York,Night,7153
368,20,Female,HR,2015,1,2,Chicago,Morning,7485
369,23,Male,HR,2022,2,20,New York,Night,7559
370,49,Male,HR,2020,3,17,New York,Morning,5850
371,28,Male,HR,2023,4,12,Chicago,Evening,4984
372,21,Female,IT,2016,4,4,Chicago,Evening,9474
373,61,Female,HR,2015,4,15,Chicago,Morning,6231
374,22,Male,HR,2019,1,17,Los Angeles,Evening,8147
375,42,Male,IT,2017,5,5,New York,Morning,9067
376,58,Female,HR,2018,2,1,Chicago,Evening,2489
377,64,Female,Sales,2015,5,19,New York,Evening,5606
378,63,Male,Sales,2023,2,10,Chicago,Night,6013
379,26,Female,Sales,2021,2,1,Chicago,Night,3556
380,29,Male,Sales,2015,1,2,Chicago,Evening,9726
381,28,Male,HR,2020,2,12,New York,Morning,6610
382,43,Male,Sales,2018,2,13,Los Angeles,Evening,9269
383,30,Female,IT,2014,4,1,New York,Morning,7241
384,28,Female,IT,2020,5,12,Los Angeles,Evening,7632
385,33,Female,Sales,2017,3,14,Los Angeles,Night,7941
386,61,Male,HR,2023,2,2,New York,Evening,8450
387,32,Male,IT,2018,1,10,New York,Night,7537
388,27,Male,Sales,2017,1,20,New York,Evening,2593
389,43,Female,IT,2015,1,5,Chicago,Morning,2355
390,40,Female,HR,2016,1,15,Chicago,Evening,2567
391,32,Female,Sales,2019,5,13,Los Angeles,Evening,8745
392,32,Female,HR,2023,5,5,Los Angeles,Evening,6309
393,20,Female,IT,2022,5,8,New York,Night,7431
394,34,Female,IT,2024,2,18,Chicago,Morning,8079
395,22,Male,HR,2019,1,14,New York,Morning,8844
396,64,Male,IT,2015,2,4,New York,Morning,5850
397,37,Male,HR,2020,3,20,Los Angeles,Morning,8104
398,57,Male,Sales,2022,1,13,New York,Morning,6316
399,22,Female,HR,2020,1,11,Chicago,Evening,9294
400,63,Male,Sales,2018,2,7,Los Angeles,Night,2418
401,35,Female,Sales,2016,4,13,Chicago,Morning,6638
402,52,Female,IT,2019,1,3,Los Angeles,Night,4967
403,59,Male,Sales,2023,1,20,New York,Night,4496
404,40,Female,IT,2016,5,12,Chicago,Morning,9276
405,20,Male,IT,2021,1,2,Chicago,Morning,6520
406,57,Male,Sales,2024,3,6,New York,Night,9505
407,31,Female,IT,2017,2,5,Chicago,Evening,9268
408,22,Female,HR,2017,2,17,Los Angeles,Night,7728
409,56,Female,IT,2015,5,19,Chicago,Evening,5092
410,51,Male,HR,2023,3,18,Los Angeles,Evening,6689
411,64,Male,Sales,2015,2,8,Los Angeles,Morning,4303
412,52,Female,Sales,2016,5,5,Los Angeles,Evening,3739
413,27,Male,Sales,2023,5,12,Chicago,Morning,4777
414,41,Male,HR,2023,3,13,Los Angeles,Morning,7380
415,37,Male,Sales,2016,1,12,Los Angeles,Night,3524
416,43,Female,IT,2015,2,5,Los Angeles,Night,4117
417,51,Female,Sales,2018,2,5,Chicago,Evening,2370
418,39,Female,HR,2015,4,3,New York,Evening,3677
419,27,Male,HR,2024,4,14,New York,Morning,5837
420,64,Male,Sales,2024,4,7,Chicago,Evening,8406
421,49,Female,HR,2019,4,4,Chicago,Morning,5735
422,19,Female,IT,2015,5,15,Los Angeles,Evening,8798
423,30,Male,IT,2023,5,11,New York,Evening,5836
424,46,Male,HR,2022,3,7,Los Angeles,Night,7729
425,49,Male,Sales,2019,3,1,Los Angeles,Morning,4385
426,45,Male,Sales,2023,4,13,Los Angeles,Morning,5367
427,52,Male,HR,2022,1,8,Chicago,Evening,2041
428,41,Female,Sales,2015,2,15,Los Angeles,Morning,3720
429,29,Male,Sales,2015,4,4,New York,Morning,7080
430,62,Female,IT,2020,4,20,Los Angeles,Morning,4753
431,46,Male,Sales,2019,5,16,Los Angeles,Night,6746
432,38,Male,Sales,2023,3,8,Los Angeles,Night,7860
433,41,Male,HR,2021,3,13,New York,Evening,9516
434,26,Female,HR,2017,1,16,Los Angeles,Morning,6763
435,27,Female,IT,2023,2,16,Los Angeles,Evening,7375
436,37,Male,HR,2016,2,14,Chicago,Morning,5439
437,51,Male,HR,2018,4,4,Chicago,Morning,6877
438,41,Male,IT,2023,1,6,Los Angeles,Night,8618
439,56,Male,IT,2023,3,2,Los Angeles,Morning,8236
440,60,Male,IT,2015,2,8,New York,Morning,7865
441,43,Female,Sales,2019,5,11,Los Angeles,Evening,4246
442,53,Male,IT,2023,3,19,New York,Evening,5333
443,26,Male,Sales,2024,3,3,New York,Evening,9146
444,65,Female,IT,2019,4,14,New York,Evening,6442
445,48,Female,HR,2020,4,6,Chicago,Evening,4183
446,26,Male,Sales,2021,1,12,New York,Morning,4741
447,45,Female,HR,2023,4,13,Chicago,Evening,8888
448,57,Female,HR,2021,1,1,Chicago,Morning,8958
449,29,Female,HR,2021,4,2,Los Angeles,Morning,8526
450,40,Male,Sales,2021,3,2,Chicago,Night,4566
451,63,Male,Sales,2019,3,16,Los Angeles,Evening,2663
452,41,Female,Sales,2018,5,9,New York,Morning,3824
453,23,Female,IT,2022,2,5,Chicago,Evening,2978
454,54,Male,IT,2019,2,18,Los Angeles,Evening,4395
455,21,Female,HR,2019,4,13,Chicago,Evening,3294
456,34,Female,IT,2023,4,14,Chicago,Night,8946
457,55,Male,Sales,2024,1,8,Chicago,Morning,6737
458,19,Female,IT,2016,2,17,Los Angeles,Evening,9946
459,44,Male,HR,2017,3,7,Chicago,Night,7571
460,25,Male,Sales,2022,2,18,New York,Evening,8957
461,27,Female,HR,2015,3,10,Chicago,Morning,9861
462,24,Male,HR,2017,4,1,New York,Night,5998
463,57,Male,Sales,2024,3,9,New York,Night,2495
464,35,Male,Sales,2022,3,7,Chicago,Night,5070
465,35,Female,IT,2020,5,19,Chicago,Night,6622
466,21,Male,IT,2018,4,1,Los Angeles,Morning,6980
467,65,Female,Sales,2024,5,5,Los Angeles,Morning,7570
468,47,Female,HR,2021,2,18,Chicago,Night,4781
469,29,Female,IT,2023,4,10,Chicago,Evening,4297
470,65,Male,IT,2016,3,9,Los Angeles,Morning,5765
471,44,Female,IT,2015,2,10,Los Angeles,Evening,6741
472,65,Male,IT,2020,3,13,New York,Evening,5473
473,18,Male,IT,2021,1,8,Chicago,Morning,4923
474,56,Male,IT,2020,3,18,New York,Morning,2016
475,65,Female,Sales,2024,4,2,Chicago,Night,3820
476,56,Female,Sales,2018,2,12,Los Angeles,Evening,2646
477,20,Female,IT,2023,1,1,Los Angeles,Morning,3225
478,19,Male,Sales,2024,3,7,Chicago,Evening,8893
479,28,Male,Sales,2024,1,8,Chicago,Evening,8039
480,28,Male,HR,2015,3,18,Chicago,Night,5496
481,41,Female,Sales,2023,4,11,Los Angeles,Morning,4368
482,28,Female,IT,2016,5,16,Chicago,Night,6725
483,29,Female,Sales,2021,5,6,Chicago,Evening,5215
484,43,Female,IT,2017,1,17,Chicago,Evening,3929
485,27,Male,IT,2017,5,15,Chicago,Night,6050
486,64,Male,IT,2021,2,8,New York,Morning,8514
487,44,Female,Sales,2020,4,9,New York,Night,6034
488,36,Male,HR,2020,1,9,New York,Evening,5608
489,26,Male,IT,2024,2,17,New York,Morning,5993
490,55,Male,Sales,2016,4,7,Chicago,Evening,5001
491,22,Male,Sales,2019,3,12,Chicago,Evening,5217
492,53,Male,Sales,2024,5,1,Los Angeles,Morning,9181
493,42,Male,HR,2017,2,9,Chicago,Night,2106
494,23,Female,HR,2024,2,18,New York,Night,6730
495,51,Female,HR,2018,2,12,Chicago,Morning,2700
496,50,Male,Sales,2021,5,9,Chicago,Night,8594
497,30,Male,Sales,2020,2,18,New York,Night,3558
498,52,Male,IT,2023,5,9,New York,Evening,7471
499,62,Male,IT,2021,2,15,Los Angeles,Evening,6359
500,62,Male,IT,2019,1,19,Los Angeles,Night,9773
501,22,Male,HR,2021,1,14,Chicago,Night,6558
502,32,Male,Sales,2020,5,8,Los Angeles,Evening,7401
503,28,Female,IT,2018,5,18,Los Angeles,Night,8308
504,25,Male,Sales,2016,1,10,Chicago,Morning,2712
505,64,Male,HR,2022,5,20,Los Angeles,Night,3934
506,50,Female,HR,2020,5,17,Los Angeles,Night,3135
507,62,Female,IT,2024,3,9,New York,Morning,3980
508,35,Male,HR,2018,2,17,New York,Morning,8602
509,32,Female,IT,2021,2,4,Chicago,Night,3726
510,62,Female,HR,2021,5,10,Los Angeles,Evening,3278
511,24,Female,IT,2019,5,15,Chicago,Night,5716
512,56,Male,HR,2023,3,1,New York,Evening,7339
513,41,Female,HR,2023,2,19,Los Angeles,Evening,3067
514,59,Female,HR,2015,4,1,Los Angeles,Morning,8297
515,48,Female,HR,2015,3,17,Chicago,Night,9293
516,42,Female,IT,2023,3,2,Los Angeles,Evening,4243
517,35,Female,Sales,2018,1,1,Los Angeles,Night,9630
518,37,Male,IT,2020,2,4,Los Angeles,Morning,9844
519,46,Female,HR,2019,4,16,New York,Night,6688
520,60,Male,Sales,2015,2,18,Chicago,Morning,2949
521,44,Female,HR,2016,2,6,New York,Evening,2246
522,18,Female,HR,2024,4,6,New York,Night,2302
523,37,Female,IT,2020,1,1,Chicago,Evening,8961
524,36,Female,Sales,2021,3,7,New York,Evening,3619
525,19,Male,HR,2019,1,4,Chicago,Night,8100
526,55,Female,IT,2022,1,16,New York,Night,3072
527,55,Male,IT,2018,4,19,New York,Morning,2247
528,18,Male,Sales,2022,5,19,Los Angeles,Morning,4941
529,44,Male,Sales,2016,2,2,Chicago,Evening,6936
530,40,Female,HR,2019,2,20,Los Angeles,Night,7002
531,32,Male,HR,2016,5,7,Los Angeles,Evening,2759
532,54,Male,IT,2015,4,16,Chicago,Evening,9988
533,61,Female,Sales,2019,3,17,Los Angeles,Morning,2646
534,53,Male,HR,2016,3,7,New York,Night,3093
535,28,Female,Sales,2016,1,10,Chicago,Morning,4004
536,30,Male,HR,2022,1,11,Los Angeles,Evening,4615
537,31,Female,Sales,2018,4,10,New York,Night,3299
538,20,Male,IT,2016,1,3,Los Angeles,Morning,2492
539,38,Female,HR,2021,1,20,Chicago,Morning,8388
540,39,Female,IT,2019,4,1,Chicago,Night,9823
541,53,Female,HR,2021,1,16,New York,Evening,6092
542,46,Female,Sales,2016,4,3,Chicago,Evening,5594
543,37,Male,HR,2018,1,13,Los Angeles,Evening,6468
544,63,Male,HR,2015,5,20,Los Angeles,Morning,9838
545,47,Female,HR,2018,2,20,Los Angeles,Night,2766
546,31,Male,IT,2020,5,4,Chicago,Night,8103
547,24,Male,Sales,2018,5,20,Los Angeles,Night,8608
548,50,Male,IT,2020,2,5,Los Angeles,Evening,3902
549,32,Male,HR,2018,4,9,New York,Night,7206
550,26,Male,Sales,2018,2,11,Chicago,Evening,5184
551,50,Male,Sales,2020,3,3,Los Angeles,Evening,3609
552,48,Male,IT,2020,1,11,Los Angeles,Morning,2152
553,26,Male,Sales,2019,4,9,New York,Evening,9704
554,20,Male,IT,2024,3,14,Chicago,Morning,2061
555,28,Male,HR,2023,3,17,New York,Night,2673
556,29,Female,HR,2019,5,11,Los Angeles,Morning,8220
557,24,Male,IT,2018,2,14,Chicago,Night,7887
558,28,Male,HR,2018,2,12,Los Angeles,Morning,9163
559,63,Female,Sales,2020,4,3,New York,Morning,2640
560,39,Female,Sales,2022,4,8,Los Angeles,Evening,2831
561,52,Female,HR,2024,4,15,New York,Morning,7404
562,37,Female,HR,2017,2,16,Chicago,Morning,8201
563,51,Female,HR,2021,3,18,Chicago,Evening,9646
564,23,Female,HR,2018,3,13,New York,Night,7551
565,50,Male,IT,2018,2,11,New York,Morning,8941
566,46,Female,Sales,2022,1,4,Chicago,Night,3768
567,32,Female,HR,2021,4,20,New York,Night,9370
568,20,Male,Sales,2015,5,1,Los Angeles,Night,7155
569,55,Female,Sales,2019,5,2,Los Angeles,Evening,6345
570,35,Male,IT,2016,4,4,New York,Evening,2042
571,18,Male,HR,2017,5,20,Los Angeles,Evening,2392
572,41,Male,Sales,2023,4,5,Chicago,Evening,4208
573,22,Male,IT,2024,1,19,New York,Night,3141
574,38,Male,IT,2018,4,1,New York,Morning,3532
575,27,Male,HR,2021,4,11,Chicago,Morning,3247
576,34,Male,HR,2023,1,14,New York,Evening,5168
577,49,Male,Sales,2022,5,18,Chicago,Night,7111
578,28,Male,IT,2015,2,12,New York,Evening,4002
579,18,Male,HR,2015,5,11,New York,Morning,8824
580,32,Male,HR,2018,3,17,New York,Evening,3736
581,32,Female,HR,2021,1,8,Los Angeles,Night,9772
582,35,Female,IT,2024,4,11,New York,Evening,3433
583,60,Male,Sales,2016,2,12,New York,Night,3154
584,19,Male,HR,2018,2,10,Los Angeles,Morning,6531
585,62,Female,Sales,2015,5,10,New York,Evening,2844
586,24,Female,HR,2020,2,19,New York,Night,2401
587,47,Male,IT,2016,3,11,New York,Evening,5440
588,42,Male,HR,2021,5,13,New York,Morning,9390
589,64,Female,Sales,2022,2,4,Los Angeles,Night,7293
590,18,Female,HR,2020,1,7,Los Angeles,Night,7088
591,38,Male,HR,2020,5,18,Los Angeles,Morning,7948
592,49,Male,Sales,2021,1,18,Chicago,Evening,9323
593,47,Female,Sales,2019,2,1,Los Angeles,Morning,7876
594,28,Male,HR,2020,1,4,Chicago,Evening,8165
595,35,Male,Sales,2018,5,9,Los Angeles,Evening,9906
596,53,Female,Sales,2019,4,16,Los Angeles,Evening,8742
597,55,Female,IT,2015,2,19,New York,Morning,4040
598,20,Male,HR,2020,5,9,New York,Evening,2256
599,58,Female,HR,2019,1,11,Chicago,Night,2593
600,20,Male,HR,2016,5,2,Chicago,Night,7375
601,30,Female,IT,2024,3,10,New York,Morning,7847
602,52,Male,Sales,2021,1,1,Chicago,Morning,6509
603,37,Female,HR,2020,2,13,Los Angeles,Evening,4680
604,50,Male,HR,2021,1,3,New York,Morning,7767
605,65,Female,Sales,2022,2,9,New York,Night,8054
606,36,Female,IT,2023,1,17,New York,Night,5765
607,54,Male,HR,2016,5,12,New York,Evening,5240
608,48,Female,Sales,2015,4,13,Chicago,Night,3845
609,55,Male,HR,2018,2,14,New York,Night,8646
610,62,Female,Sales,2021,3,12,Chicago,Night,4160
611,50,Male,Sales,2018,5,1,New York,Night,6272
612,31,Female,Sales,2020,2,7,Chicago,Morning,4654
613,64,Male,IT,2016,3,20,New York,Evening,9282
614,64,Male,HR,2019,1,15,New York,Night,5152
615,53,Female,HR,2018,1,1,Los Angeles,Morning,4213
616,59,Male,IT,2017,3,9,Los Angeles,Night,3105
617,19,Male,IT,2019,4,8,Los Angeles,Evening,6934
618,36,Male,IT,2018,4,5,Los Angeles,Night,9775
619,63,Male,IT,2019,2,11,Los Angeles,Evening,5417
620,31,Female,IT,2017,4,9,New York,Night,6675
621,51,Male,Sales,2023,5,17,Los Angeles,Evening,5740
622,42,Female,IT,2023,4,4,Los Angeles,Night,4781
623,26,Male,Sales,2022,2,7,Chicago,Morning,8377
624,64,Male,Sales,2020,5,20,New York,Evening,8635
625,64,Male,IT,2023,2,10,New York,Night,4232
626,23,Female,HR,2017,1,19,New York,Night,7218
627,36,Male,IT,2020,4,7,Chicago,Evening,9295
628,20,Male,HR,2017,2,9,New York,Morning,6165
629,23,Male,HR,2024,2,13,New York,Morning,3790
630,52,Male,Sales,2019,3,5,New York,Evening,9364
631,21,Female,Sales,2016,1,6,Los Angeles,Evening,5970
632,23,Female,HR,2018,4,14,New York,Morning,7974
633,21,Male,HR,2019,4,7,Los Angeles,Morning,7343
634,21,Female,Sales,2017,5,9,New York,Evening,3913
635,65,Male,IT,2022,3,2,New York,Night,4565
636,37,Female,Sales,2017,2,15,Los Angeles,Evening,3622
637,54,Female,IT,2021,3,10,Los Angeles,Evening,5589
638,51,Female,HR,2023,5,5,Chicago,Evening,2218
639,19,Male,Sales,2019,1,4,Los Angeles,Night,2277
640,24,Male,IT,2016,2,4,Los Angeles,Morning,8973
641,51,Male,HR,2021,5,20,Chicago,Night,3779
642,37,Male,Sales,2021,3,9,Los Angeles,Night,6354
643,45,Female,IT,2018,3,5,Los Angeles,Night,7756
644,40,Female,HR,2019,5,1,Los Angeles,Night,6918
645,33,Male,IT,2017,2,10,Chicago,Morning,9323
646,37,Male,HR,2021,2,4,Chicago,Night,2899
647,28,Female,Sales,2019,1,11,Chicago,Morning,8643
648,58,Male,Sales,2020,3,13,Los Angeles,Evening,4038
649,19,Female,Sales,2016,3,9,New York,Morning,8687
650,36,Female,IT,2015,1,6,Chicago,Morning,6907
651,57,Female,HR,2019,2,1,Los Angeles,Evening,2850
652,47,Female,IT,2022,4,1,Los Angeles,Night,3343
653,61,Male,HR,2016,5,5,Los Angeles,Night,5508
654,19,Female,Sales,2023,3,12,Los Angeles,Night,3896
655,59,Female,HR,2018,2,13,Chicago,Night,5042
656,55,Female,Sales,2022,4,9,New York,Morning,8505
657,40,Male,HR,2020,5,7,Chicago,Night,4393
658,28,Male,Sales,2017,5,13,Chicago,Night,3453
659,20,Female,HR,2020,4,20,New York,Morning,3500
660,65,Female,HR,2021,4,9,Chicago,Evening,5816
661,48,Female,HR,2017,5,3,New York,Night,8150
662,47,Male,Sales,2022,1,3,Chicago,Night,7270
663,28,Male,HR,2023,1,12,Chicago,Night,6861
664,51,Male,IT,2020,3,9,Chicago,Night,6903
665,43,Female,Sales,2024,1,9,New York,Evening,9053
666,43,Male,Sales,2017,4,10,New York,Night,6853
667,23,Female,IT,2015,2,17,New York,Evening,4156
668,29,Male,IT,2020,5,17,Chicago,Morning,8335
669,23,Male,Sales,2020,1,15,New York,Night,8898
670,31,Female,Sales,2015,4,3,New York,Evening,6174
671,62,Male,HR,2017,2,19,Chicago,Morning,7445
672,28,Male,IT,2020,3,16,Los Angeles,Night,3478
673,35,Female,IT,2022,5,6,New York,Morning,4196
674,20,Female,Sales,2018,4,8,Chicago,Morning,2372
675,60,Male,HR,2021,1,10,Los Angeles,Night,3436
676,59,Male,Sales,2020,1,6,New York,Evening,8057
677,40,Female,IT,2016,4,18,New York,Evening,5765
678,35,Male,HR,2015,4,12,Chicago,Evening,5900
679,42,Female,IT,2023,5,11,New York,Morning,8696
680,58,Female,HR,2024,2,4,New York,Morning,2477
681,19,Female,IT,2022,3,6,Chicago,Morning,6725
682,29,Male,Sales,2022,1,8,New York,Night,7514
683,21,Male,Sales,2020,2,8,New York,Morning,4750
684,48,Male,HR,2023,1,5,New York,Morning,5309
685,50,Female,IT,2015,1,9,Chicago,Night,9782
686,27,Male,HR,2016,4,3,New York,Evening,6589
687,20,Male,Sales,2016,2,19,New York,Night,4483
688,20,Female,IT,2021,2,7,Los Angeles,Morning,9044
689,29,Male,HR,2016,2,10,Chicago,Evening,3504
690,35,Female,HR,2017,2,7,Chicago,Morning,5531
691,60,Female,IT,2021,5,17,New York,Evening,4255
692,47,Male,Sales,2021,1,10,Chicago,Night,2145
693,63,Male,IT,2024,3,20,New York,Evening,7897
694,61,Male,IT,2017,2,16,New York,Evening,3742
695,50,Female,HR,2024,5,16,Los Angeles,Evening,4721
696,62,Male,HR,2019,3,1,Chicago,Morning,2873
697,61,Female,IT,2019,2,4,Chicago,Night,3398
698,22,Female,IT,2016,5,20,Los Angeles,Evening,4927
699,48,Female,Sales,2020,2,3,Chicago,Night,2106
700,39,Female,IT,2021,1,10,New York,Evening,7614
701,44,Female,IT,2021,4,3,New York,Evening,8634
702,43,Female,IT,2016,5,3,New York,Evening,4925
703,53,Male,HR,2021,1,4,New York,Night,5273
704,42,Female,IT,2018,2,16,Los Angeles,Night,9621
705,39,Male,IT,2017,1,4,Chicago,Night,7371
706,28,Female,Sales,2022,3,2,Chicago,Night,7873
707,42,Female,IT,2018,5,5,Los Angeles,Morning,9871
708,51,Female,Sales,2020,3,8,New York,Morning,4164
709,23,Male,HR,2020,4,19,New York,Morning,5648
710,54,Female,IT,2020,2,1,New York,Night,9592
711,57,Female,IT,2016,5,1,New York,Night,2096
712,40,Female,IT,2024,1,19,Chicago,Night,4386
713,47,Female,HR,2019,3,11,New York,Night,7123
714,41,Female,IT,2015,2,18,Los Angeles,Morning,3591
715,22,Female,IT,2016,3,2,Los Angeles,Evening,5449
716,26,Female,Sales,2023,1,16,Chicago,Evening,4664
717,20,Female,IT,2014,4,11,New York,Morning,7345
718,45,Male,Sales,2021,3,7,Chicago,Evening,7615
719,27,Male,HR,2017,5,3,New York,Morning,6899
720,60,Male,IT,2017,5,4,Chicago,Night,5107
721,49,Female,IT,2015,4,13,Los Angeles,Morning,5126
722,60,Female,IT,2015,4,19,New York,Evening,2131
723,57,Male,HR,2024,4,6,Los Angeles,Evening,6974
724,49,Male,IT,2020,2,18,Los Angeles,Evening,7298
725,36,Female,IT,2022,5,12,Chicago,Evening,4936
726,64,Male,Sales,2019,1,17,Los Angeles,Night,2962
727,36,Male,Sales,2023,1,1,Chicago,Evening,2321
728,60,Male,HR,2021,3,8,Los Angeles,Night,5312
729,60,Male,HR,2015,3,3,New York,Morning,4524
730,65,Female,IT,2020,4,3,Chicago,Morning,9136
731,40,Female,IT,2020,2,4,Los Angeles,Morning,6352
732,36,Male,HR,2016,3,2,Chicago,Morning,7378
733,21,Male,HR,2022,5,2,Chicago,Morning,8147
734,44,Male,HR,2021,3,17,Chicago,Night,5551
735,44,Female,Sales,2018,3,3,Los Angeles,Morning,2683
736,25,Male,IT,2024,1,17,New York,Morning,9392
737,24,Female,HR,2020,4,1,Chicago,Night,2727
738,25,Female,Sales,2021,2,17,New York,Night,2797
739,36,Female,Sales,2021,3,9,Los Angeles,Night,2709
740,44,Male,IT,2021,1,3,New York,Night,3062
741,41,Female,Sales,2016,5,3,Chicago,Morning,8189
742,25,Female,IT,2020,2,19,New York,Evening,3647
743,41,Female,Sales,2023,2,16,New York,Morning,9409
744,34,Female,Sales,2017,1,6,Los Angeles,Evening,2786
745,51,Male,HR,2016,1,8,Los Angeles,Night,2892
746,51,Male,Sales,2020,2,15,Chicago,Night,8009
747,51,Male,IT,2021,5,13,Los Angeles,Morning,5497
748,58,Male,Sales,2020,4,2,New York,Night,2451
749,54,Male,HR,2022,1,4,Chicago,Morning,9098
750,36,Male,IT,2019,4,7,New York,Morning,2162
751,45,Male,IT,2021,3,7,New York,Night,2532
752,40,Male,IT,2021,5,8,New York,Morning,8831
753,53,Male,IT,2020,4,15,Chicago,Morning,8632
754,28,Female,IT,2022,5,13,Chicago,Evening,9146
755,39,Male,HR,2023,3,19,Chicago,Morning,8348
756,28,Male,Sales,2017,2,1,Chicago,Evening,5009
757,38,Male,Sales,2016,1,15,Los Angeles,Morning,9666
758,34,Male,Sales,2015,3,4,Los Angeles,Morning,3395
759,53,Male,Sales,2017,1,16,Los Angeles,Evening,9917
760,32,Male,IT,2020,2,16,Los Angeles,Night,9626
761,34,Female,Sales,2021,5,19,New York,Night,4424
762,19,Male,HR,2018,4,5,Los Angeles,Morning,9825
763,51,Female,IT,2022,1,11,Los Angeles,Night,9654
764,30,Male,IT,2021,4,15,Chicago,Night,6212
765,48,Male,HR,2019,5,20,Chicago,Evening,3927
766,42,Female,Sales,2023,2,20,Chicago,Evening,3414
767,62,Male,IT,2021,2,8,Los Angeles,Morning,4483
768,27,Female,Sales,2016,2,1,Chicago,Night,6086
769,26,Male,HR,2024,5,16,Los Angeles,Evening,6745
770,19,Male,HR,2020,4,10,New York,Night,6166
771,64,Female,Sales,2017,3,14,Chicago,Night,7841
772,39,Female,Sales,2022,5,7,New York,Evening,4949
773,45,Male,IT,2019,3,2,Los Angeles,Evening,8462
774,30,Male,IT,2016,2,4,Los Angeles,Morning,9314
775,62,Female,Sales,2020,2,8,Los Angeles,Evening,5349
776,53,Male,HR,2020,3,16,Los Angeles,Evening,7659
777,61,Female,Sales,2018,2,16,Los Angeles,Night,7765
778,58,Male,IT,2016,2,6,Chicago,Night,3703
779,39,Male,Sales,2021,1,19,New York,Morning,9653
780,37,Male,HR,2022,1,5,Chicago,Morning,2511
781,44,Female,IT,2017,3,1,Los Angeles,Evening,6141
782,18,Male,HR,2019,3,4,Chicago,Morning,2973
783,54,Female,HR,2019,3,7,New York,Evening,6145
784,46,Male,IT,2018,4,7,New York,Morning,5031
785,49,Male,HR,2022,5,15,Chicago,Morning,4679
786,20,Female,Sales,2022,5,7,Los Angeles,Evening,3265
787,19,Female,HR,2016,4,16,Chicago,Evening,4666
788,33,Female,Sales,2021,3,15,New York,Night,2078
789,27,Male,Sales,2020,2,5,New York,Morning,3153
790,65,Male,Sales,2016,1,12,Chicago,Evening,3369
791,59,Male,IT,2021,1,3,Los Angeles,Evening,9265
792,35,Male,Sales,2016,4,4,Chicago,Evening,3717
793,28,Female,IT,2024,3,9,Los Angeles,Night,9518
794,30,Female,HR,2018,5,11,New York,Morning,2912
795,63,Female,Sales,2016,2,7,New York,Night,5419
796,37,Male,IT,2015,1,18,Chicago,Morning,5423
797,35,Female,Sales,2016,4,7,Chicago,Night,9926
798,44,Male,HR,2017,5,2,New York,Morning,4713
799,49,Female,IT,2016,2,20,New York,Morning,5690
800,52,Female,HR,2019,3,6,Los Angeles,Night,7496
801,22,Female,HR,2023,5,12,New York,Evening,8220
802,52,Male,Sales,2024,3,7,Chicago,Night,4721
803,27,Male,HR,2024,2,9,Los Angeles,Morning,6247
804,23,Male,IT,2020,2,1,Chicago,Morning,2372
805,53,Female,HR,2016,5,6,Chicago,Morning,8136
806,35,Female,Sales,2023,3,5,Chicago,Evening,5940
807,61,Female,HR,2021,1,8,New York,Night,8381
808,58,Female,HR,2023,2,6,Chicago,Evening,3241
809,44,Male,IT,2018,2,20,Chicago,Morning,9092
810,60,Female,HR,2023,4,19,Los Angeles,Evening,3710
811,62,Male,IT,2018,3,3,New York,Evening,7862
812,52,Male,HR,2020,5,12,Chicago,Evening,9993
813,65,Female,HR,2017,5,17,Los Angeles,Evening,4716
814,27,Female,Sales,2018,2,7,New York,Night,7359
815,31,Female,IT,2021,5,4,New York,Night,3565
816,31,Male,HR,2023,2,12,New York,Morning,6825
817,64,Female,HR,2023,1,7,New York,Night,5547
818,18,Female,HR,2015,3,12,Chicago,Night,5520
819,43,Female,Sales,2022,1,7,Chicago,Morning,5163
820,54,Female,Sales,2024,3,6,New York,Night,7880
821,31,Male,Sales,2018,5,5,New York,Morning,8949
822,26,Male,HR,2017,2,15,Chicago,Night,6872
823,52,Female,IT,2017,1,9,Chicago,Morning,5262
824,52,Female,IT,2022,1,13,New York,Night,7966
825,65,Female,IT,2020,2,19,New York,Morning,3535
826,54,Male,IT,2021,4,18,New York,Morning,9279
827,60,Male,IT,2023,5,9,New York,Night,4635
828,20,Male,IT,2023,3,11,Chicago,Night,3716
829,55,Female,Sales,2024,1,20,New York,Morning,7497
830,50,Female,Sales,2024,4,12,New York,Morning,7236
831,25,Male,IT,2021,4,15,New York,Evening,3612
832,18,Male,IT,2016,2,1,New York,Morning,7530
833,54,Female,Sales,2015,5,3,Chicago,Morning,4232
834,63,Male,Sales,2016,2,11,Los Angeles,Evening,6576
835,53,Male,HR,2022,1,9,Los Angeles,Morning,4215
836,47,Female,HR,2019,2,8,Chicago,Night,4906
837,42,Female,IT,2018,5,10,Chicago,Night,7551
838,36,Male,HR,2023,3,18,Chicago,Evening,7188
839,59,Female,Sales,2015,2,9,Los Angeles,Evening,2801
840,22,Female,HR,2024,2,10,Chicago,Night,7904
841,60,Male,HR,2017,4,13,New York,Night,8240
842,30,Female,Sales,2015,5,6,Los Angeles,Morning,2087
843,36,Female,Sales,2021,1,3,Los Angeles,Evening,8775
844,21,Male,IT,2021,5,20,New York,Evening,9051
845,33,Male,Sales,2017,2,17,New York,Morning,9693
846,36,Male,HR,2021,2,17,Chicago,Evening,4316
847,35,Male,HR,2018,3,19,Chicago,Morning,7435
848,55,Male,Sales,2023,1,20,Chicago,Morning,4560
849,55,Female,Sales,2021,2,18,Chicago,Night,6659
850,26,Male,HR,2017,2,2,New York,Evening,8255
851,59,Male,IT,2023,4,11,Chicago,Night,5937
852,61,Male,Sales,2017,5,8,New York,Night,7347
853,60,Male,IT,2017,3,2,New York,Evening,6762
854,61,Male,IT,2024,1,7,Los Angeles,Night,5369
855,54,Male,Sales,2021,2,20,Los Angeles,Evening,6897
856,24,Male,IT,2018,1,8,New York,Night,2499
857,23,Male,HR,2016,1,17,Los Angeles,Morning,7314
858,41,Male,HR,2023,3,19,New York,Evening,9285
859,41,Male,Sales,2018,4,6,New York,Morning,7503
860,28,Female,IT,2016,4,17,New York,Night,8971
861,23,Male,HR,2015,4,6,Los Angeles,Evening,7176
862,45,Male,HR,2019,2,10,Los Angeles,Evening,4808
863,28,Female,HR,2022,4,2,New York,Morning,8191
864,39,Male,HR,2021,1,10,Los Angeles,Evening,2947
865,47,Male,Sales,2024,2,13,Los Angeles,Night,8619
866,19,Female,HR,2021,5,8,Los Angeles,Evening,5015
867,22,Male,Sales,2021,5,16,Chicago,Night,5700
868,55,Female,Sales,2016,1,6,Chicago,Night,3695
869,50,Female,Sales,2021,5,10,Chicago,Evening,4694
870,26,Female,Sales,2019,1,11,Chicago,Morning,2387
871,41,Female,HR,2022,1,19,Los Angeles,Night,8495
872,41,Male,Sales,2023,2,16,New York,Evening,7556
873,52,Male,Sales,2022,4,5,Los Angeles,Morning,5282
874,25,Female,HR,2017,1,20,Chicago,Evening,7713
875,34,Female,HR,2018,3,13,Los Angeles,Evening,6706
876,29,Female,IT,2022,4,19,Chicago,Night,3452
877,50,Male,HR,2023,2,3,New York,Evening,8274
878,18,Male,Sales,2022,4,4,Chicago,Morning,5086
879,54,Female,IT,2018,4,13,Los Angeles,Night,2937
880,54,Male,IT,2016,1,1,New York,Evening,6185
881,53,Male,HR,2023,2,5,Chicago,Morning,8758
882,41,Male,Sales,2015,1,13,Los Angeles,Evening,7686
883,47,Male,IT,2019,4,17,Los Angeles,Morning,2029
884,51,Male,HR,2024,4,8,Chicago,Evening,7315
885,65,Male,Sales,2016,3,14,New York,Evening,8456
886,21,Male,HR,2020,3,10,Los Angeles,Night,8766
887,43,Female,IT,2021,1,6,New York,Morning,8772
888,52,Female,Sales,2017,1,9,Chicago,Night,7588
889,32,Male,IT,2022,5,3,Los Angeles,Evening,9511
890,48,Female,IT,2021,1,1,Chicago,Night,6114
891,37,Female,IT,2020,5,7,Chicago,Evening,7496
892,60,Male,Sales,2020,1,7,New York,Morning,8117
893,31,Male,HR,2024,5,12,Los Angeles,Night,4345
894,34,Male,Sales,2019,3,2,Chicago,Night,7651
895,19,Male,IT,2017,4,3,Los Angeles,Night,8059
896,56,Female,HR,2016,1,6,New York,Morning,3168
897,36,Male,HR,2016,1,12,Chicago,Evening,6289
898,56,Female,Sales,2020,5,13,Los Angeles,Morning,4269
899,44,Male,Sales,2022,4,13,New York,Morning,9819
900,52,Male,IT,2023,2,10,Chicago,Morning,7473
901,29,Female,HR,2024,5,17,Los Angeles,Evening,7568
902,50,Male,HR,2023,3,4,Los Angeles,Evening,3312
903,39,Female,HR,2018,3,7,Chicago,Evening,6644
904,42,Male,Sales,2019,1,14,New York,Evening,9658
905,22,Female,HR,2016,4,13,Chicago,Morning,7388
906,36,Male,Sales,2023,1,5,Los Angeles,Evening,2371
907,42,Female,Sales,2020,1,14,Chicago,Evening,2015
908,59,Female,Sales,2016,5,4,Chicago,Evening,5628
909,34,Male,HR,2024,3,6,New York,Night,9951
910,38,Female,IT,2022,5,14,Chicago,Night,5134
911,49,Female,IT,2022,3,1,Los Angeles,Evening,6502
912,29,Female,Sales,2021,5,16,Los Angeles,Morning,4999
913,59,Female,Sales,2015,5,6,Los Angeles,Evening,4875
914,56,Male,IT,2022,3,6,Los Angeles,Evening,5322
915,31,Female,HR,2016,3,4,Los Angeles,Morning,3340
916,21,Female,HR,2016,2,10,Chicago,Morning,6900
917,50,Male,IT,2024,1,4,Los Angeles,Night,6907
918,45,Female,HR,2016,5,9,Los Angeles,Evening,6585
919,22,Female,IT,2016,4,14,Chicago,Morning,3625
920,56,Male,HR,2020,2,6,Los Angeles,Evening,9761
921,29,Female,HR,2015,1,3,Chicago,Evening,4077
922,52,Male,IT,2015,3,9,Los Angeles,Evening,5090
923,39,Female,HR,2018,1,15,Los Angeles,Morning,9553
924,34,Male,Sales,2018,3,10,Chicago,Night,6162
925,38,Female,Sales,2023,5,1,Chicago,Morning,6578
926,48,Male,HR,2016,2,4,Chicago,Night,7192
927,55,Female,HR,2023,3,13,New York,Morning,6341
928,23,Male,IT,2016,5,20,Chicago,Night,3405
929,62,Female,IT,2019,1,18,Chicago,Night,4876
930,45,Male,HR,2016,2,19,Los Angeles,Night,5730
931,22,Female,HR,2020,3,16,New York,Night,3681
932,20,Male,Sales,2017,2,18,New York,Night,2850
933,50,Male,Sales,2017,2,13,Los Angeles,Night,9616
934,37,Male,IT,2015,2,8,Los Angeles,Evening,3364
935,30,Male,IT,2015,5,16,New York,Evening,2735
936,62,Female,Sales,2024,3,17,Chicago,Morning,4369
937,65,Male,HR,2016,2,10,New York,Night,8129
938,52,Female,Sales,2016,5,20,Los Angeles,Morning,9963
939,60,Female,Sales,2023,5,8,New York,Evening,8067
940,57,Female,HR,2024,2,17,Chicago,Night,8927
941,49,Male,IT,2019,1,11,Chicago,Morning,7068
942,38,Male,HR,2020,4,9,Los Angeles,Evening,8277
943,60,Male,IT,2017,2,13,New York,Morning,2300
944,35,Male,IT,2020,3,19,Los Angeles,Evening,7251
945,29,Female,HR,2017,3,1,New York,Night,9402
946,49,Male,Sales,2020,5,8,New York,Night,2940
947,23,Male,IT,2016,4,10,Los Angeles,Morning,6916
948,60,Male,IT,2016,1,6,New York,Night,4595
949,62,Male,HR,2021,3,10,Los Angeles,Evening,7389
950,52,Male,Sales,2016,1,10,Los Angeles,Morning,5770
951,44,Male,IT,2015,5,15,Chicago,Evening,2389
952,43,Female,IT,2021,4,15,Chicago,Night,5833
953,20,Male,HR,2024,1,15,Los Angeles,Morning,2786
954,53,Male,HR,2022,4,16,Los Angeles,Night,5616
955,42,Male,Sales,2020,3,13,Chicago,Night,4887
956,49,Female,Sales,2019,1,18,Los Angeles,Night,3437
957,54,Male,Sales,2018,2,12,New York,Evening,6091
958,34,Female,Sales,2023,2,13,Chicago,Night,6501
959,51,Female,HR,2022,1,8,New York,Evening,6415
960,63,Male,HR,2023,2,16,New York,Night,7490
961,63,Female,Sales,2021,1,15,New York,Night,4954
962,21,Female,Sales,2021,3,7,Chicago,Night,3896
963,65,Female,Sales,2024,4,6,New York,Evening,6788
964,35,Female,HR,2020,4,3,Chicago,Night,3433
965,46,Female,IT,2015,2,10,Chicago,Evening,3132
966,65,Female,HR,2019,5,2,Los Angeles,Evening,2959
967,50,Female,HR,2024,1,13,Chicago,Evening,2736
968,25,Male,IT,2024,2,19,Los Angeles,Evening,4977
969,65,Female,Sales,2020,1,6,Chicago,Evening,8928
970,53,Male,Sales,2020,5,15,New York,Night,8260
971,50,Male,IT,2015,3,1,New York,Morning,5639
972,22,Female,IT,2016,5,19,Chicago,Night,9049
973,23,Male,Sales,2016,4,15,New York,Morning,6871
974,18,Male,IT,2024,4,19,Chicago,Evening,3388
975,37,Female,IT,2018,2,15,Los Angeles,Night,3288
976,52,Female,IT,2020,2,14,New York,Night,2093
977,19,Male,Sales,2018,5,12,New York,Morning,9331
978,24,Male,Sales,2020,3,7,New York,Morning,5081
979,18,Female,IT,2019,4,7,Los Angeles,Evening,6086
980,55,Female,IT,2023,2,5,Chicago,Night,4952
981,28,Female,HR,2021,4,2,Chicago,Night,2244
982,31,Female,Sales,2016,5,19,New York,Evening,4921
983,46,Male,Sales,2022,4,1,New York,Evening,8696
984,43,Male,HR,2021,5,19,Chicago,Evening,8830
985,41,Male,IT,2018,3,16,Los Angeles,Night,8768
986,62,Female,HR,2017,1,14,Los Angeles,Morning,8555
987,39,Female,IT,2015,1,13,New York,Morning,9618
988,31,Female,IT,2024,1,1,Chicago,Morning,5605
989,36,Female,IT,2022,5,5,New York,Night,9118
990,18,Female,HR,2022,4,18,Chicago,Night,9985
991,53,Female,HR,2024,4,8,Chicago,Morning,3991
992,23,Female,Sales,2019,1,10,Los Angeles,Evening,4311
993,25,Female,Sales,2022,5,8,New York,Morning,5524
994,31,Female,HR,2018,5,12,Chicago,Night,3371
995,22,Male,IT,2018,2,7,Chicago,Evening,3096
996,49,Female,Sales,2024,4,3,Los Angeles,Evening,7652
997,29,Female,Sales,2018,3,12,New York,Morning,6754
998,18,Male,Sales,2023,5,3,New York,Morning,5278
999,51,Female,IT,2022,4,9,Los Angeles,Evening,5437
1000,45,Male,IT,2022,2,4,New York,Morning,7364
